id	slug	title	author	source
24264	hongloumeng	紅樓夢	曹雪芹	Project Gutenberg
23950	sanguozhiyanyi	三國志演義	羅貫中	Project Gutenberg
23863	shuihuzhuan	水滸傳	施耐庵	Project Gutenberg
23962	xiyouji	西遊記	吳承恩	Project Gutenberg
23910	fengshenyanyi	封神演義	陸西星	Project Gutenberg
24032	rulinwaishi	儒林外史	吳敬梓	Project Gutenberg
23818	jinghuayuan	鏡花緣	李汝珍	Project Gutenberg
25327	ernvyingxiongzhuan	兒女英雄傳	文康	Project Gutenberg
25124	laocanyouji	老殘遊記	劉鶚	Project Gutenberg
26872	haishanghualiezhuan	海上花列傳	韓邦慶	Project Gutenberg
25202	buhongloumeng	補紅樓夢	琅嬛山樵	Project Gutenberg
27402	fengliuwu	風流悟	坐花散人	Project Gutenberg
52238	zhenzhongji	枕中記	沈既濟	Project Gutenberg
25231	youxianku	遊仙窟	張鷟	Project Gutenberg
56291	laocanyoujixuji	老殘遊記續集	劉鶚	Project Gutenberg
